-- phpMyAdmin SQL Dump
-- version 4.9.2
-- https://www.phpmyadmin.net/
--
-- Host: 127.0.0.1
-- Generation Time: Mar 03, 2020 at 10:28 AM
-- Server version: 10.4.10-MariaDB
-- PHP Version: 7.3.12

SET SQL_MODE = "NO_AUTO_VALUE_ON_ZERO";
SET AUTOCOMMIT = 0;
START TRANSACTION;
SET time_zone = "+00:00";


/*!40101 SET @OLD_CHARACTER_SET_CLIENT=@@CHARACTER_SET_CLIENT */;
/*!40101 SET @OLD_CHARACTER_SET_RESULTS=@@CHARACTER_SET_RESULTS */;
/*!40101 SET @OLD_COLLATION_CONNECTION=@@COLLATION_CONNECTION */;
/*!40101 SET NAMES utf8mb4 */;

--
-- Database: `mydatabase`
--

-- --------------------------------------------------------

--
-- Table structure for table `customer`
--

CREATE TABLE `customer` (
  `CustomerID` varchar(4) NOT NULL,
  `Name` varchar(50) NOT NULL,
  `Email` varchar(50) NOT NULL,
  `CountryCode` varchar(2) NOT NULL,
  `Budget` double NOT NULL,
  `Used` double NOT NULL
) ENGINE=MyISAM DEFAULT CHARSET=utf8;

--
-- Dumping data for table `customer`
--

INSERT INTO `customer` (`CustomerID`, `Name`, `Email`, `CountryCode`, `Budget`, `Used`) VALUES
('C001', 'Win Weerachai', 'win.weerachai@bru.ac.th', 'TH', 1000000, 600000),
('C002', 'John Smith', 'john.smith@bru.ac.th', 'UK', 2000000, 800000),
('C003', 'Jame Born', 'jame.born@bru.ac.th', 'US', 3000000, 600000),
('C004', 'Chalee Angel', 'chalee.angel@bru.ac.th', 'US', 4000000, 100000);

-- --------------------------------------------------------

--
-- Table structure for table `member`
--

CREATE TABLE `member` (
  `UserID` int(3) UNSIGNED ZEROFILL NOT NULL,
  `Username` varchar(20) NOT NULL,
  `Password` varchar(20) NOT NULL,
  `Name` varchar(100) NOT NULL,
  `Status` enum('ADMIN','USER') NOT NULL DEFAULT 'USER'
) ENGINE=MyISAM DEFAULT CHARSET=utf8mb4;

--
-- Dumping data for table `member`
--

INSERT INTO `member` (`UserID`, `Username`, `Password`, `Name`, `Status`) VALUES
(001, 'sakon', '123', 'บูมบาม', 'USER'),
(002, 'chai', 'chai123', 'Surachai Sirisart', 'ADMIN'),
(003, 'boom', '11', 'boom', 'ADMIN'),
(004, 'string', '11', 'boom', 'USER');

-- --------------------------------------------------------

--
-- Table structure for table `tb_category`
--

CREATE TABLE `tb_category` (
  `c_id` varchar(4) NOT NULL,
  `c_name` varchar(50) NOT NULL
) ENGINE=InnoDB DEFAULT CHARSET=utf8mb4;

--
-- Dumping data for table `tb_category`
--

INSERT INTO `tb_category` (`c_id`, `c_name`) VALUES
('001', 'ข้าวหอมมะลิ'),
('002', 'ข้าวเหนียว'),
('003', 'ข้าวขาว'),
('004', 'ข้าวเพื่อสุขภาพ');

-- --------------------------------------------------------

--
-- Table structure for table `tb_comment`
--

CREATE TABLE `tb_comment` (
  `cm_id` int(11) NOT NULL,
  `cm_name` varchar(20) NOT NULL,
  `cm_comment` varchar(500) DEFAULT NULL,
  `cm_date` datetime DEFAULT current_timestamp()
) ENGINE=InnoDB DEFAULT CHARSET=utf8mb4;

--
-- Dumping data for table `tb_comment`
--

INSERT INTO `tb_comment` (`cm_id`, `cm_name`, `cm_comment`, `cm_date`) VALUES
(8, 'sakon', 'wewewe', '2020-02-21 13:39:09'),
(11, 'บูมบาม', 'ทดสอบ\r\n', '2020-02-22 18:58:02');

-- --------------------------------------------------------

--
-- Table structure for table `tb_place`
--

CREATE TABLE `tb_place` (
  `p_id` int(11) NOT NULL,
  `p_name` varchar(20) NOT NULL,
  `p_description1` varchar(530) DEFAULT NULL,
  `p_description2` varchar(530) DEFAULT NULL,
  `p_description3` varchar(530) DEFAULT NULL,
  `p_credit` varchar(120) DEFAULT NULL,
  `p_image1` varchar(230) DEFAULT NULL,
  `p_image2` varchar(230) DEFAULT NULL,
  `p_image3` varchar(230) DEFAULT NULL,
  `c_id` varchar(4) NOT NULL
) ENGINE=InnoDB DEFAULT CHARSET=utf8mb4;

--
-- Dumping data for table `tb_place`
--

INSERT INTO `tb_place` (`p_id`, `p_name`, `p_description1`, `p_description2`, `p_description3`, `p_credit`, `p_image1`, `p_image2`, `p_image3`, `c_id`) VALUES
(1, 'ข้าวกข15 (RD15)', 'ประวัติพันธุ์\r\nได้จากการปรับปรุงพันธุ์ โดยการใช้รังสีชักนำให้เกิดการกลายพันธุ์ โดยใช้รังสีแกมมาปริมาณ 15 กิโลแรด อาบเมล็ดพันธุ์ข้าวขาวดอกมะลิ 105 ในปี พ.ศ. 2508 แล้วนำมาปลูกคัดเลือกที่สถานีทดลองข้าวต่างๆ ในภาคเหนือ และภาคตะวันออกเฉียงเหนือ จนได้สายพันธุ์ KDML 105\'65G1U-45', 'ลักษณะเด่น\r\nทนแล้งได้ดีพอสมควร\r\nอายุเบา เก็บเกี่ยวได้เร็ว\r\nคุณภาพการหุงต้ม นุ่ม มีกลิ่นหอม\r\nคุณภาพการสีดี เมล็ดข้าวสารใส แกร่ง เรียวยาว\r\nนวดง่าย\r\nต้านทานโรคใบจุดสีน้ำตาล', 'ข้อควรระวัง\r\nไม่ต้านทานโรคขอบใบแห้ง โรคไหม้\r\nไม่ต้านทานแมลงบั่ว เพลี้ยกระโดดสีน้ำตาลและหนอนกอ\r\nล้มง่าย ฟางอ่อน เมล็ดร่วงง่าย\r\nไม่เหมาะกับนาลุ่ม ซึ่งระบายน้ำไม่ได้ เพราะข้าวจะสุกในระยะที่น้ำยังขังอยู่ในนา ทำให้เก็บเกี่ยวลำบาก', 'ที่มา :http://kkn-rsc.ricethailand.go.th', NULL, NULL, NULL, '001'),
(2, 'ข้าวพันธุ์ขาวดอกมะลิ', 'ประวัติพันธุ์\r\nได้มาโดยนายสุนทร สีหะเนิน เจ้าพนักงานข้าว รวบรวมจากอำเภอบางคล้าจังหวัดฉะเชิงเทรา เมื่อ พ.ศ.2493-2494 จำนวน 199 รวง แล้วนำไปคัดเลือกแบบคัดพันธุ์บริสุทธิ์ (pure line selection) และปลูกเปรียบเทียบพันธุ์ที่สถานีทดลองข้าวโคกสำโรง แล้วปลูกเปรียบเทียบพันธุ์ในท้องถิ่น ภาคเหนือ ภาคกลาง และภาคตะวันออกเฉียงเหนือ จนได้สายพันธุ์ขาวดอกมะลิ 4-2-105 ซึ่งเลข 4 หมายถึง สถานที่เก็บรวงข้าว คืออำเภอบางคล้า เลข 2 หมายถึงพันธุ์ทดสอบที่ 2 คือ ขาวดอกมะลิ และเลข 105 หมายถึง แถวหรือรวงที่ 105 จากจำนวน 199 รวง', 'ลักษณะเด่น	\r\n-ทนแล้งได้ดีพอสมควร\r\n-เมล็ดข้าวสารใส แกร่ง คุณภาพการสีดี\r\n-คุณภาพการหุงต้มดี อ่อนนุ่ม มีกลิ่นหอม\r\n-ทนต่อสภาพดินเปรี้ยว และดินเค็ม', 'ข้อควรระวัง	\r\n-ไม่ต้านทานโรคใบสีส้ม โรคขอบใบแห้ง โรคไหม้ และโรคใบหงิก\r\n-ไม่ต้านทานเพลี้ยกระโดดสีน้ำตาล เพลี้ยจักจั่นสีเขียว และหนอนกอ', 'ที่มา :http://www.ricethailand.go.th', NULL, NULL, NULL, '001'),
(3, 'ข้าวปทุมธานี 1', 'ประวัติพันธุ์	\r\nได้จากการผสมพันธุ์ระหว่างสายพันธุ์ BKNA6-18-3-2 กับสายพันธุ์ PTT85061-86-3-2-1 ที่ศูนย์วิจัยข้าวปทุมธานี ในปี พ.ศ. 2533 ปลูกคัดเลือกจนได้สายพันธุ์ PTT90071-93-8-1-1', 'ลักษณะเด่น	\r\n-ผลผลิตสูง\r\n-คุณภาพเมล็ดคล้ายพันธุ์ข้าวดอกมะลิ 105\r\n-ต้านทานเพลี้ยกระโดดสีน้ำตาล และเพลี้ยกระโดดหลังขาว\r\n-ต้านทานโรคไหม้ และโรคขอบใบแห้ง', 'ข้อควรระวัง	\r\n-ค่อนข้างอ่อนแอเพลี้ยจักจั่นสีเขียว โรคใบหงิก และโรคใบสีส้มพื้นที่แนะนำ	\r\n-เขตชลประทานในภาคกลาง', 'ที่มา :http://www.ricethailand.go.th', NULL, NULL, NULL, '001'),
(4, 'ข้าวพันธ์กข. 6', 'ประวัติพันธุ์\r\nได้จากการปรับปรุงพันธุ์ โดยการใช้รังสีชักนำให้เกิดการกลายพันธุ์ โดยใช้รังสีแกมมาปริมาณ 20 กิโลแรด อาบเมล็ดพันธุ์ข้าวขาวดอกมะลิ 105 แล้วนำมาปลูกคัดเลือกที่สถานีทดลองข้าวบางเขนและสถานีทดลองข้าวพิมาย จากการคัดเลือกได้ข้าวเหนียวหลายสายพันธุ์ในข้าวชั่วที่ 2 นำไปปลูกคัดเลือกจนอยู่ตัวได้สายพันธุ์ที่ให้ผลผลิตสูงสุดคือ สายพันธุ์ KDML105\'65-G2U-68-254 นับว่าเป็นข้าวพันธุ์ดีพันธุ์แรกของประเทศไทย ที่ค้นคว้าได้โดยใช้วิธีชักนำพันธุ์พืชให้เปลี่ยนกรรมพันธุ์โดยใช้รังสี', 'ลักษณะเด่น\r\n-ให้ผลผลิตสูงและทนแล้งดีกว่าพันธุ์เหนียวสันป่าตอง\r\n-คุณภาพการหุงต้มดี มีกลิ่นหอม\r\n-ลำต้นแข็งปานกลาง\r\n-ต้านทานโรคใบจุดสีน้ำตาล\r\n-คุณภาพการสีดี', 'ข้อควรระวัง\r\n-ไม่ต้านทานโรคขอบใบแห้ง และโรคใบไหม้\r\n-ไม่ต้านทานเพลี้ยกระโดดสีน้ำตาลและแมลงบั่ว', 'ที่มา :http://kkn-rsc.ricethailand.go.th', NULL, NULL, NULL, '002'),
(5, 'ข้าวพันธ์กข. 4', 'ประวัติพันธุ์	\r\nได้จากการผสมพันธุ์ระหว่างพันธุ์พี่น้องของ กข1 (เหลืองทองนาปรัง / ไออาร์8 สายพันธุ์ 17-1) กับพันธุ์ ดับเบิ้ลยู1252 (หรือ อีเค1252) จากอินเดีย ซึ่งต้านทานแมลงบั่ว แล้วนำลูกผสมชั่วแรกผสมกับพันธุ์ กข2 เพื่อให้ได้ลักษณะข้าวเหนียว และคัดเลือกตามสถานีทดลองข้าวต่างๆ จนได้สายพันธุ์ BKN6805-22-13', 'ลักษณะเด่น	\r\n-แตกกอดี ต้นแข็ง ไม่ล้มง่าย\r\n-ตอบสนองต่อการใช้ปุ๋ยดี\r\n-ต้านทานแมลงบั่ว เพลี้ยกระโดดสีน้ำตาล เพลี้ยจักจั่นสีเขียว', 'ข้อควรระวัง	\r\n-ไม่ต้านทานโรคไหม้ โรคขอบใบแห้ง\r\n-มีเมล็ดลีบในรวงมากกว่าปกติ ประมาณ 20 %', 'ที่มา :http://www.ricethailand.go.th', NULL, NULL, NULL, '002'),
(6, 'ข้าวพันธ์สันปาตอง', 'ประวัติพันธุ์	\r\nได้จากการผสมพันธุ์ข้าวสายพันธุ์ BKNLR75001-B-CNT-B-RST-36-2 กับพันธุ์ กข2 ที่สถานีทดลองข้าวสันป่าตอง เมื่อปี พ.ศ. 2527 ปลูกคัดเลือกจนได้สายพันธุ์ SPTLR84051-32-2-2-4', 'ลักษณะเด่น	\r\n-ต้านทานโรคไหม้และโรคขอบใบแห้ง\r\n-ให้ผลผลิตสูง\r\n-เป็นข้าวเหนียวที่สามารถปลูกได้ตลอดปี', 'ข้อควรระวัง	\r\n-ไม่ต้านทานโรคใบสีส้ม\r\n-ไม่ต้านทานแมลงบั่ว', 'ที่มา :www.ricethailand.go.th', NULL, NULL, NULL, '002'),
(7, 'ข้าวพันธ์เสาไห้สระบุ', 'ประวัติพันธุ์		\r\nเป็นพันธุ์ที่คัดเลือกมาจากข้าวพันธุ์เจ๊กเชยพื้นเมือง ซึ่งเป็นพันธุ์ที่มีชื่อเสียง\r\nของอ.เสาไห้ จ.สระบุรี ศูนย์วิจัยข้าวปทุมธานี จึงได้เริ่มต้นปรับปรุงพันธุ์ใน\r\nฤดูนาปี 2545 โดยเก็บรวบรวมพันธุ์จากแปลงเกษตรกร ใน จ.สระบุรี จำนวน\r\n34 ตัวอย่างพันธุ์ ทำการปลูกคัดเลือกแบบหมู่ (mass selection) ได้สายพันธุ์\r\nPTTC02019 แล้วคัดเลือกสายพันธุ์บริสุทธิ์ (pure line selection) จนได้\r\nสายพันธุ์บริสุทธิ์ PTTC02019-1 ในฤดูนาปี 2546 ปลูกทดสอบผลผลิตใน\r\nแปลงเกษตรกร ทดสอบปฏิกิริยาต่อโรคและแมลงที่สำคัญทดสอบการตอบ\r\nสนองต่อปุ๋ยไนโตรเ', 'ลักษณะเด่น\r\n-ข้าวสารมีคุณภาพดีแบบข้าวเสาไห้  หุงขึ้นหม้อ ร่วนเป็นตัวไม่เกาะกัน\r\nเนื้อสัมผัสจากการชิมค่อนข้างแข็ง แต่มีความนุ่ม ไม่แข็งกระด้าง   \r\n-สามารถแปรรูปเป็นผลิตภัณฑ์เส้นและขนมได้ดี \r\n-สามารถปลูกได้ในพื้นที่ที่มีความเสี่ยงในเรื่องน้ำท่วม เนื่องจากเป็นข้าวต้นสูงและทนน้ำท่วมได้ดีกว่าข้าวไม่ไวต่อช่วงแสงในพื้นที่เดียวกัน', 'ข้อควรระวัง	\r\n-ไม่ต้านทานต่อโรคไหม้ โรคขอบใบแห้ง และเพลี้ยกระโดดสีน้ำตาล', 'ที่มา :http://www.ricethailand.go.th', NULL, NULL, NULL, '003'),
(8, 'ข้าวพันธ์เหลืองประทิ', 'ประวัติพันธุ์	\r\nได้จากการรวบรวมพันธุ์โดยพนังงานเกษตร จากเกษตรกรในอำเภอเมือง จังหวัดเพชรบุรี เมื่อปี พ.ศ. 2498-2499 ปลูกคัดเลือกแบบคัดพันธุ์บริสุทธิ์ตามสถานีทดลองข้าวต่างๆ จนได้สายพันธุ์ เหลืองประทิว 126-8-123', 'ลักษณะเด่น	\r\n-คุณภาพการสี ได้ข้าวสารแกร่ง เลื่อมมัน\r\n-ปลูกในดินเปรี้ยวได้ดี ให้ผลผลิตปานกลาง	\r\n-ค่อนข้างต้านทานโรคขอบใบแห้งและโรคใบหงิก', 'ข้อควรระวัง	\r\n-ไม่ต้านทานโรคไหม้ โรคใบสีส้ม และโรคเขียวเตี้ย\r\n-ไม่ต้านทานเพลี้ยกระโดดสีน้ำตาล เพลี้ยจักจั่นสีเขียวและหนอนกอ', 'ที่มา :http://www.ricethailand.go.th', NULL, NULL, NULL, '003'),
(9, 'ข้าวพันธ์กอเดียว', 'ประวัติพันธุ์\r\nคัดเลือกมาจากข้าวขาวกอเดียวที่อยู่ในงานอนุรักษ์พันธุกรรมข้าว ซึ่งเป็นข้าวที่มีชื่อเสียงของจังหวัดพิจิตร  มีคุณภาพการหุงต้มดี ปลายข้าวทำผลิตภัณฑ์เส้นได้ดีเป็นที่ต้องการของตลาดค้าข้าว ศูนย์วิจัยข้าวพิษณุโลก เก็บรวบรวมพันธุ์ในปี 2527 ที่บ้านเขาดิน  ต.เขาเจ็ดลูก กิ่ง อ.ทับคล้อ จ.พิจิตร นำมาปลูกอนุรักษ์พันธุกรรมเพื่อบันทึกลักษณะทางสัณฐานวิทยา', 'ลักษณะเด่น\r\n-คุณภาพเมล็ดดี คือมีท้องไข่น้อย เมล็ดยาว รูปร่างเรียว คุณภาพการสีดีมาก สามารถทำเป็นข้าวสาร 100 เปอร์เซ็นต์ ได้คุณภาพการหุงต้มและรับประทาน เป็นที่นิยมของเกษตรกรในภาคเหนือตอนล่าง  \r\n-ข้าวร่วนค่อนข้างแข็ง ปลายข้าวสามารถนำเข้าสู่อุตสาหกรรมผลิตภัณฑ์เส้นได้ดี เช่น เส้นขนมจีน', 'ข้อควรระวัง	\r\n-อ่อนแอต่อเพลี้ยกระโดดสีน้ำตาล โรคไหม้ และโรคขอบใบแห้ง', 'ที่มา :http://www.ricethailand.go.th', NULL, NULL, NULL, '003'),
(10, 'ข้าวพันธ์มะลิแดง', 'ประวัติพันธุ์\r\nในปี พ.ศ. 2538 ได้สายพันธุ์ KDML105R-PSL-E-14 ซึ่งเป็นสายพันธุ์ข้าวเบาที่ปลูกกันอย่างแพร่หลายในปัจจุบัน และกรมการข้าวได้เสนอขอขึ้นทะเบียนกับกรมวิชาการเกษตรเป็นพันธุ์ข้าวทั่วไปโดยใช้ชื่อว่า “ข้าวหอมแดง (Red Hawm Rice)” และด้วยมีที่มาจากข้าวหอมมะลิ 105 บ้างจึงเรียกข้าวชนิดนี้ว่า “ข้าวหอมมะลิแดง”', 'ลักษณะเด่น\r\n-เป็นข้าวเจ้าไม่ไวต่อแสง สามารถปลูกได้ตลอดทั้งปี เมล็ดพันธุ์ข้าวกล้องเรียวยาว สีม่วงเข้ม เมื่อหุงสุกจะเหนียวและมีกลิ่นหอมน่ารับประทาน มีคุณค่าทางโภชนาการสูง ถูกพัฒนาสายพันธุ์โดยมหาวิทยาลัยเกษตรศาสตร์\r\n-โดยข้าวหอมนิลจะให้ผลผลิตต่อไร่ประมาณ 400 – 700 กิโลกรัม อายุเก็บเกี่ยวสั้นประมาณ 95 วันหลังหว่าน ลำต้นสูประมาณ 50 เซนติเมตร การแตกกอดี ใบและลำต้นมีสีเขียวเข้มปนสีม่วง เปลือกหุ้มเมล็ดข้าวมีสีม่วงเข้ม เมล็ดข้าวกล้องยาวประมาณ 6.5 มิลลิเมตร ไม่ต้านทานโรคขอบใบแห้ง และแมลงโดยทั่ว ๆ ไป', 'ข้อควรระวัง', 'ที่มา :www.thairicedb.com', NULL, NULL, NULL, '004'),
(11, 'ข้าวพันธ์สีนิล', 'ประวัติพันธุ์\r\nข้าวเจ้าหอมนิลเป็นข้าวที่ได้รับการคัดเลือกและพัฒนาจนได้ข้าวที่มีเมล็ดข้าวกล้องเรียวยาวสีม่วงเข้ม ข้าวกล้องเมื่อหุงสุกจะนุ่ม เหนียว หอม ข้าวสารหุงสุกมีสีม่วงอ่อน นุ่ม และมีกลิ่นหอมเช่นกัน', 'ลักษณะเด่น\r\n-ทรงต้นเตี้ย แตกกอดี เมล็ดมีน้ำหนักดี อายุสั้นเพียง 90 วันทำให้สามารถปลูกได้ถึง 3 ครั้งต่อปี ดังนั้นหากได้รับการจัดการที่เหมาะสมในการผลิตต่อปีสูงกว่าข้าวพันธุ์อื่น ๆ\r\n-เป็นข้าวเจ้าไม่ไวต่อแสง สามารถปลูกได้ตลอดทั้งปี เมล็ดพันธุ์ข้าวกล้องเรียวยาว สีม่วงเข้ม เมื่อหุงสุกจะเหนียวและมีกลิ่นหอมน่ารับประทาน มีคุณค่าทางโภชนาการสูง ถูกพัฒนาสายพันธุ์โดยมหาวิทยาลัยเกษตรศาสตร์', 'ข้อควรระวัง', 'ที่มา :https://www.thairicedb.com', NULL, NULL, NULL, '004'),
(12, 'ข้าวพันธ์ไร้เบอร์รี่', 'ประวัติพันธุ์\r\nข้าวไรซ์เบอรี่ (ภาษาอังกฤษ: Rice Berry) เป็นผลงานการปรับปรุงสายพันธุ์ของ รศ.ดร.อภิชาติ และทีมนักวิจัยจาก ศูนย์วิจัยพันธุ์ข้าว มหาวิทยาลัยเกษตรศาสตร์ และความร่วมมือจากคณะกรรมการวิจัยแห่งชาติ (วช.) โดยเป็นการผสมข้ามสายพันธุ์ ระหว่าง ข้าวเจ้าหอมนิล ซึ่งเป็นสายพันธุ์พ่อ + ข้าวขาวดอกมะลิ 105 ซึ่งเป็นสายพันธุ์แม่ ทำให้ได้ลักษณะที่ดีและคุณประโยชน์เด่นๆ ออกมา ซึ่งพันธุ์ข้าวนี้ได้รับการจดทะเบียนเป็นพันธุ์พืชใหม่ ห้ามมีการนำไปขยายพันธุ์ในเชิงการค้าต่อโดยไม่ได้รับอนุญาตจาก วช. และมหาวิทยาลัยเกษตรศาสตร์', 'ลักษณะเด่น\r\n-ข้าวไรซ์เบอรี่มีลักษณะเรียวยาว ผิวมันวาว เป็นข้าวจ้าวสีม่วงเข้มคล้ายกับลูกเบอร์รี่ที่มีสีม่วงเข้มเมื่อสุก หากเป็นข้าวกล้องจะมีกลิ่นหอมที่เป็นเอกลักษณ์เฉพาะตัว อีกทั้งยังมีรสชาติหอมมัน เนื้อสัมผัสเหนียวนุ่ม\r\n-ข้าวสายพันธุ์พิเศษสีม่วงนี้สามารถปลูกได้ตลอดทั้งปี มีอายุเก็บเกี่ยว 130 วัน ให้ผลผลิตปานกลาง มีความสามารถต้านทานต่อโรคไหม้ แต่ไม่ต้านทานโรคหลาว จึงแนะนำให้เปลี่ยนเมล็ดพันธุ์ทุกรอบของการปลูก', 'ข้อควรระวัง', 'ที่มา :https://www.thairicedb.com', NULL, NULL, NULL, '004');

--
-- Indexes for dumped tables
--

--
-- Indexes for table `customer`
--
ALTER TABLE `customer`
  ADD PRIMARY KEY (`CustomerID`);

--
-- Indexes for table `member`
--
ALTER TABLE `member`
  ADD PRIMARY KEY (`UserID`),
  ADD UNIQUE KEY `Username` (`Username`);

--
-- Indexes for table `tb_category`
--
ALTER TABLE `tb_category`
  ADD PRIMARY KEY (`c_id`);

--
-- Indexes for table `tb_comment`
--
ALTER TABLE `tb_comment`
  ADD PRIMARY KEY (`cm_id`);

--
-- Indexes for table `tb_place`
--
ALTER TABLE `tb_place`
  ADD PRIMARY KEY (`p_id`),
  ADD KEY `c_id` (`c_id`) USING BTREE;

--
-- AUTO_INCREMENT for dumped tables
--

--
-- AUTO_INCREMENT for table `member`
--
ALTER TABLE `member`
  MODIFY `UserID` int(3) UNSIGNED ZEROFILL NOT NULL AUTO_INCREMENT, AUTO_INCREMENT=5;

--
-- AUTO_INCREMENT for table `tb_comment`
--
ALTER TABLE `tb_comment`
  MODIFY `cm_id` int(11) NOT NULL AUTO_INCREMENT, AUTO_INCREMENT=13;

--
-- AUTO_INCREMENT for table `tb_place`
--
ALTER TABLE `tb_place`
  MODIFY `p_id` int(11) NOT NULL AUTO_INCREMENT, AUTO_INCREMENT=21;

--
-- Constraints for dumped tables
--

--
-- Constraints for table `tb_place`
--
ALTER TABLE `tb_place`
  ADD CONSTRAINT `tb_place_ibfk_1` FOREIGN KEY (`c_id`) REFERENCES `tb_category` (`c_id`) ON DELETE CASCADE ON UPDATE CASCADE;
COMMIT;

/*!40101 SET CHARACTER_SET_CLIENT=@OLD_CHARACTER_SET_CLIENT */;
/*!40101 SET CHARACTER_SET_RESULTS=@OLD_CHARACTER_SET_RESULTS */;
/*!40101 SET COLLATION_CONNECTION=@OLD_COLLATION_CONNECTION */;
